{
  "$schema": "http://json-schema.org/draft-07/schema#",
  "title": "InstantiateMsg",
  "type": "object",
  "required": [
    "base",
    "module"
  ],
  "properties": {
    "base": {
      "description": "base instantiate information",
      "allOf": [
        {
          "$ref": "#/definitions/BaseInstantiateMsg"
        }
      ]
    },
    "module": {
      "description": "custom instantiate msg",
      "allOf": [
        {
          "$ref": "#/definitions/MyAdapterInstantiateMsg"
        }
      ]
    }
  },
  "additionalProperties": false,
  "definitions": {
    "BaseInstantiateMsg": {
      "description": "Used by Abstract to instantiate the contract The contract is then registered on the version control contract using [`crate::version_control::ExecuteMsg::ProposeModules`].",
      "type": "object",
      "required": [
        "ans_host_address",
        "version_control_address"
      ],
      "properties": {
        "ans_host_address": {
          "description": "Used to easily perform address translation",
          "type": "string"
        },
        "version_control_address": {
          "description": "Used to verify senders",
          "type": "string"
        }
      },
      "additionalProperties": false
    },
    "MyAdapterInstantiateMsg": {
      "description": "Adapter instantiate message",
      "type": "object",
      "additionalProperties": false
    }
  }
}
