{
  "$schema": "http://json-schema.org/draft-07/schema#",
  "title": "ExecuteMsg",
  "description": "Adapter execute messages",
  "oneOf": [
    {
      "description": "Set status of your account",
      "type": "object",
      "required": [
        "set_status"
      ],
      "properties": {
        "set_status": {
          "type": "object",
          "required": [
            "status"
          ],
          "properties": {
            "status": {
              "type": "string"
            }
          },
          "additionalProperties": false
        }
      },
      "additionalProperties": false
    },
    {
      "description": "Admin method: Update the configuration of the adapter",
      "type": "object",
      "required": [
        "update_config"
      ],
      "properties": {
        "update_config": {
          "type": "object",
          "additionalProperties": false
        }
      },
      "additionalProperties": false
    }
  ]
}
