{
  "$schema": "http://json-schema.org/draft-07/schema#",
  "title": "ExecuteMsg",
  "description": "App execute messages",
  "oneOf": [
    {
      "type": "object",
      "required": [
        "update_config"
      ],
      "properties": {
        "update_config": {
          "type": "object",
          "additionalProperties": false
        }
      },
      "additionalProperties": false
    },
    {
      "description": "Increment count by 1",
      "type": "object",
      "required": [
        "increment"
      ],
      "properties": {
        "increment": {
          "type": "object",
          "additionalProperties": false
        }
      },
      "additionalProperties": false
    },
    {
      "description": "Admin method - reset count",
      "type": "object",
      "required": [
        "reset"
      ],
      "properties": {
        "reset": {
          "type": "object",
          "required": [
            "count"
          ],
          "properties": {
            "count": {
              "description": "Count value after reset",
              "type": "integer",
              "format": "int32"
            }
          },
          "additionalProperties": false
        }
      },
      "additionalProperties": false
    }
  ]
}
