{
  "$schema": "http://json-schema.org/draft-07/schema#",
  "title": "QueryMsg",
  "description": "App query messages",
  "oneOf": [
    {
      "type": "object",
      "required": [
        "config"
      ],
      "properties": {
        "config": {
          "type": "object",
          "additionalProperties": false
        }
      },
      "additionalProperties": false
    },
    {
      "type": "object",
      "required": [
        "count"
      ],
      "properties": {
        "count": {
          "type": "object",
          "additionalProperties": false
        }
      },
      "additionalProperties": false
    }
  ]
}
