{
  "$schema": "http://json-schema.org/draft-07/schema#",
  "title": "ModuleDataResponse",
  "type": "object",
  "required": [
    "dependencies",
    "module_id",
    "version"
  ],
  "properties": {
    "dependencies": {
      "type": "array",
      "items": {
        "$ref": "#/definitions/DependencyResponse"
      }
    },
    "metadata": {
      "type": [
        "string",
        "null"
      ]
    },
    "module_id": {
      "type": "string"
    },
    "version": {
      "type": "string"
    }
  },
  "additionalProperties": false,
  "definitions": {
    "DependencyResponse": {
      "type": "object",
      "required": [
        "id",
        "version_req"
      ],
      "properties": {
        "id": {
          "type": "string"
        },
        "version_req": {
          "type": "array",
          "items": {
            "type": "string"
          }
        }
      },
      "additionalProperties": false
    }
  }
}
