{
  "$schema": "http://json-schema.org/draft-07/schema#",
  "title": "AdapterConfigResponse",
  "type": "object",
  "required": [
    "ans_host_address",
    "dependencies",
    "version_control_address"
  ],
  "properties": {
    "ans_host_address": {
      "$ref": "#/definitions/Addr"
    },
    "dependencies": {
      "type": "array",
      "items": {
        "type": "string"
      }
    },
    "version_control_address": {
      "$ref": "#/definitions/Addr"
    }
  },
  "additionalProperties": false,
  "definitions": {
    "Addr": {
      "description": "A human readable address.\n\nIn Cosmos, this is typically bech32 encoded. But for multi-chain smart contracts no assumptions should be made other than being UTF-8 encoded and of reasonable length.\n\nThis type represents a validated address. It can be created in the following ways 1. Use `Addr::unchecked(input)` 2. Use `let checked: Addr = deps.api.addr_validate(input)?` 3. Use `let checked: Addr = deps.api.addr_humanize(canonical_addr)?` 4. Deserialize from JSON. This must only be done from JSON that was validated before such as a contract's state. `Addr` must not be used in messages sent by the user because this would result in unvalidated instances.\n\nThis type is immutable. If you really need to mutate it (Really? Are you sure?), create a mutable copy using `let mut mutable = Addr::to_string()` and operate on that `String` instance.",
      "type": "string"
    }
  }
}
