{
  "$schema": "http://json-schema.org/draft-07/schema#",
  "title": "MigrateMsg",
  "type": "object",
  "required": [
    "base",
    "module"
  ],
  "properties": {
    "base": {
      "description": "base migrate information",
      "allOf": [
        {
          "$ref": "#/definitions/BaseMigrateMsg"
        }
      ]
    },
    "module": {
      "description": "custom migrate msg",
      "allOf": [
        {
          "$ref": "#/definitions/MyAppMigrateMsg"
        }
      ]
    }
  },
  "additionalProperties": false,
  "definitions": {
    "BaseMigrateMsg": {
      "type": "object",
      "additionalProperties": false
    },
    "MyAppMigrateMsg": {
      "type": "object",
      "additionalProperties": false
    }
  }
}
