{
  "contract_name": "module-schema",
  "contract_version": "0.22.2",
  "idl_version": "1.0.0",
  "instantiate": {
    "$schema": "http://json-schema.org/draft-07/schema#",
    "title": "InstantiateMsg",
    "description": "App instantiate message",
    "type": "object",
    "required": [
      "count"
    ],
    "properties": {
      "count": {
        "type": "integer",
        "format": "int32"
      }
    },
    "additionalProperties": false
  },
  "execute": {
    "$schema": "http://json-schema.org/draft-07/schema#",
    "title": "ExecuteMsg",
    "description": "App execute messages",
    "oneOf": [
      {
        "type": "object",
        "required": [
          "update_config"
        ],
        "properties": {
          "update_config": {
            "type": "object",
            "additionalProperties": false
          }
        },
        "additionalProperties": false
      },
      {
        "description": "Increment count by 1",
        "type": "object",
        "required": [
          "increment"
        ],
        "properties": {
          "increment": {
            "type": "object",
            "additionalProperties": false
          }
        },
        "additionalProperties": false
      },
      {
        "description": "Admin method - reset count",
        "type": "object",
        "required": [
          "reset"
        ],
        "properties": {
          "reset": {
            "type": "object",
            "required": [
              "count"
            ],
            "properties": {
              "count": {
                "description": "Count value after reset",
                "type": "integer",
                "format": "int32"
              }
            },
            "additionalProperties": false
          }
        },
        "additionalProperties": false
      }
    ]
  },
  "query": {
    "$schema": "http://json-schema.org/draft-07/schema#",
    "title": "QueryMsg",
    "description": "App query messages",
    "oneOf": [
      {
        "type": "object",
        "required": [
          "config"
        ],
        "properties": {
          "config": {
            "type": "object",
            "additionalProperties": false
          }
        },
        "additionalProperties": false
      },
      {
        "type": "object",
        "required": [
          "count"
        ],
        "properties": {
          "count": {
            "type": "object",
            "additionalProperties": false
          }
        },
        "additionalProperties": false
      }
    ]
  },
  "migrate": {
    "$schema": "http://json-schema.org/draft-07/schema#",
    "title": "MigrateMsg",
    "type": "object",
    "additionalProperties": false
  },
  "sudo": null,
  "responses": {
    "config": {
      "$schema": "http://json-schema.org/draft-07/schema#",
      "title": "ConfigResponse",
      "type": "object",
      "additionalProperties": false
    },
    "count": {
      "$schema": "http://json-schema.org/draft-07/schema#",
      "title": "CountResponse",
      "type": "object",
      "required": [
        "count"
      ],
      "properties": {
        "count": {
          "type": "integer",
          "format": "int32"
        }
      },
      "additionalProperties": false
    }
  }
}
