{
  "$schema": "http://json-schema.org/draft-07/schema#",
  "title": "QueryMsg",
  "oneOf": [
    {
      "description": "A query to the base.",
      "type": "object",
      "required": [
        "base"
      ],
      "properties": {
        "base": {
          "$ref": "#/definitions/BaseQueryMsg"
        }
      },
      "additionalProperties": false
    },
    {
      "description": "Custom query",
      "type": "object",
      "required": [
        "module"
      ],
      "properties": {
        "module": {
          "$ref": "#/definitions/MyAppQueryMsg"
        }
      },
      "additionalProperties": false
    }
  ],
  "definitions": {
    "BaseQueryMsg": {
      "oneOf": [
        {
          "description": "Returns [`AppConfigResponse`]",
          "type": "object",
          "required": [
            "base_config"
          ],
          "properties": {
            "base_config": {
              "type": "object",
              "additionalProperties": false
            }
          },
          "additionalProperties": false
        },
        {
          "description": "Returns the admin. Returns [`AdminResponse`]",
          "type": "object",
          "required": [
            "base_admin"
          ],
          "properties": {
            "base_admin": {
              "type": "object",
              "additionalProperties": false
            }
          },
          "additionalProperties": false
        },
        {
          "description": "Returns module data Returns [`ModuleDataResponse`]",
          "type": "object",
          "required": [
            "module_data"
          ],
          "properties": {
            "module_data": {
              "type": "object",
              "additionalProperties": false
            }
          },
          "additionalProperties": false
        },
        {
          "description": "Returns top level owner Returns [`TopLevelOwnerResponse`]",
          "type": "object",
          "required": [
            "top_level_owner"
          ],
          "properties": {
            "top_level_owner": {
              "type": "object",
              "additionalProperties": false
            }
          },
          "additionalProperties": false
        }
      ]
    },
    "MyAppQueryMsg": {
      "description": "App query messages",
      "oneOf": [
        {
          "type": "object",
          "required": [
            "config"
          ],
          "properties": {
            "config": {
              "type": "object",
              "additionalProperties": false
            }
          },
          "additionalProperties": false
        },
        {
          "type": "object",
          "required": [
            "count"
          ],
          "properties": {
            "count": {
              "type": "object",
              "additionalProperties": false
            }
          },
          "additionalProperties": false
        }
      ]
    }
  }
}
