{
  "$schema": "http://json-schema.org/draft-07/schema#",
  "title": "ExecuteMsg",
  "description": "Wrapper around all possible messages that can be sent to the module.",
  "oneOf": [
    {
      "description": "A configuration message, defined by the base.",
      "type": "object",
      "required": [
        "base"
      ],
      "properties": {
        "base": {
          "$ref": "#/definitions/BaseExecuteMsg"
        }
      },
      "additionalProperties": false
    },
    {
      "description": "An app request defined by a base consumer.",
      "type": "object",
      "required": [
        "module"
      ],
      "properties": {
        "module": {
          "$ref": "#/definitions/AdapterRequestMsg_for_ControllerExecuteMsg"
        }
      },
      "additionalProperties": false
    },
    {
      "description": "IbcReceive to process IBC callbacks In order to trust this, the apps and adapters verify this comes from the ibc-client contract.",
      "type": "object",
      "required": [
        "ibc_callback"
      ],
      "properties": {
        "ibc_callback": {
          "$ref": "#/definitions/IbcResponseMsg"
        }
      },
      "additionalProperties": false
    },
    {
      "description": "ModuleIbc endpoint to receive messages from modules on other chains In order to trust this, the apps and adapters verify this comes from the ibc-host contract. They should also trust the sending chain",
      "type": "object",
      "required": [
        "module_ibc"
      ],
      "properties": {
        "module_ibc": {
          "$ref": "#/definitions/ModuleIbcMsg"
        }
      },
      "additionalProperties": false
    },
    {
      "description": "Receive endpoint for CW20 / external service integrations",
      "type": "object",
      "required": [
        "receive"
      ],
      "properties": {
        "receive": {
          "$ref": "#/definitions/Empty"
        }
      },
      "additionalProperties": false
    }
  ],
  "definitions": {
    "AdapterBaseMsg": {
      "description": "Configuration message for the adapter",
      "oneOf": [
        {
          "description": "Add or remove authorized addresses If an authorized address is both in to_add and to_remove, it will be removed.",
          "type": "object",
          "required": [
            "update_authorized_addresses"
          ],
          "properties": {
            "update_authorized_addresses": {
              "type": "object",
              "required": [
                "to_add",
                "to_remove"
              ],
              "properties": {
                "to_add": {
                  "type": "array",
                  "items": {
                    "type": "string"
                  }
                },
                "to_remove": {
                  "type": "array",
                  "items": {
                    "type": "string"
                  }
                }
              },
              "additionalProperties": false
            }
          },
          "additionalProperties": false
        }
      ]
    },
    "AdapterRequestMsg_for_ControllerExecuteMsg": {
      "description": "An adapter request. If proxy is None, then the sender must be an Account manager and the proxy address is extrapolated from the Account id.",
      "type": "object",
      "required": [
        "request"
      ],
      "properties": {
        "proxy_address": {
          "type": [
            "string",
            "null"
          ]
        },
        "request": {
          "description": "The actual request",
          "allOf": [
            {
              "$ref": "#/definitions/ControllerExecuteMsg"
            }
          ]
        }
      },
      "additionalProperties": false
    },
    "Attribute": {
      "description": "An key value pair that is used in the context of event attributes in logs",
      "type": "object",
      "required": [
        "key",
        "value"
      ],
      "properties": {
        "key": {
          "type": "string"
        },
        "value": {
          "type": "string"
        }
      }
    },
    "BankQuery": {
      "oneOf": [
        {
          "description": "This calls into the native bank module for querying the total supply of one denomination. It does the same as the SupplyOf call in Cosmos SDK's RPC API. Return value is of type SupplyResponse.",
          "type": "object",
          "required": [
            "supply"
          ],
          "properties": {
            "supply": {
              "type": "object",
              "required": [
                "denom"
              ],
              "properties": {
                "denom": {
                  "type": "string"
                }
              }
            }
          },
          "additionalProperties": false
        },
        {
          "description": "This calls into the native bank module for one denomination Return value is BalanceResponse",
          "type": "object",
          "required": [
            "balance"
          ],
          "properties": {
            "balance": {
              "type": "object",
              "required": [
                "address",
                "denom"
              ],
              "properties": {
                "address": {
                  "type": "string"
                },
                "denom": {
                  "type": "string"
                }
              }
            }
          },
          "additionalProperties": false
        },
        {
          "description": "This calls into the native bank module for all denominations. Note that this may be much more expensive than Balance and should be avoided if possible. Return value is AllBalanceResponse.",
          "type": "object",
          "required": [
            "all_balances"
          ],
          "properties": {
            "all_balances": {
              "type": "object",
              "required": [
                "address"
              ],
              "properties": {
                "address": {
                  "type": "string"
                }
              }
            }
          },
          "additionalProperties": false
        },
        {
          "description": "This calls into the native bank module for querying metadata for a specific bank token. Return value is DenomMetadataResponse",
          "type": "object",
          "required": [
            "denom_metadata"
          ],
          "properties": {
            "denom_metadata": {
              "type": "object",
              "required": [
                "denom"
              ],
              "properties": {
                "denom": {
                  "type": "string"
                }
              }
            }
          },
          "additionalProperties": false
        },
        {
          "description": "This calls into the native bank module for querying metadata for all bank tokens that have a metadata entry. Return value is AllDenomMetadataResponse",
          "type": "object",
          "required": [
            "all_denom_metadata"
          ],
          "properties": {
            "all_denom_metadata": {
              "type": "object",
              "properties": {
                "pagination": {
                  "anyOf": [
                    {
                      "$ref": "#/definitions/PageRequest"
                    },
                    {
                      "type": "null"
                    }
                  ]
                }
              }
            }
          },
          "additionalProperties": false
        }
      ]
    },
    "BaseExecuteMsg": {
      "type": "object",
      "required": [
        "msg"
      ],
      "properties": {
        "msg": {
          "$ref": "#/definitions/AdapterBaseMsg"
        },
        "proxy_address": {
          "description": "The Proxy address for which to apply the configuration If None, the sender must be an Account manager and the configuration is applied to its associated proxy. If Some, the sender must be a direct or indirect owner (through sub-accounts) of the specified proxy.",
          "type": [
            "string",
            "null"
          ]
        }
      },
      "additionalProperties": false
    },
    "Binary": {
      "description": "Binary is a wrapper around Vec<u8> to add base64 de/serialization with serde. It also adds some helper methods to help encode inline.\n\nThis is only needed as serde-json-{core,wasm} has a horrible encoding for Vec<u8>. See also <https://github.com/CosmWasm/cosmwasm/blob/main/docs/MESSAGE_TYPES.md>.",
      "type": "string"
    },
    "CallbackResult": {
      "oneOf": [
        {
          "type": "object",
          "required": [
            "query"
          ],
          "properties": {
            "query": {
              "type": "object",
              "required": [
                "query",
                "result"
              ],
              "properties": {
                "query": {
                  "$ref": "#/definitions/QueryRequest_for_Empty"
                },
                "result": {
                  "$ref": "#/definitions/Result_of_Array_of_Binary_or_ErrorResponse"
                }
              },
              "additionalProperties": false
            }
          },
          "additionalProperties": false
        },
        {
          "type": "object",
          "required": [
            "execute"
          ],
          "properties": {
            "execute": {
              "type": "object",
              "required": [
                "initiator_msg",
                "result"
              ],
              "properties": {
                "initiator_msg": {
                  "$ref": "#/definitions/Binary"
                },
                "result": {
                  "$ref": "#/definitions/Result_of_ExecutionResponse_or_String"
                }
              },
              "additionalProperties": false
            }
          },
          "additionalProperties": false
        },
        {
          "description": "An error occured that could not be recovered from. The only known way that this can occur is message handling running out of gas, in which case the error will be `codespace: sdk, code: 11`.\n\nThis error is not named becuase it could also occur due to a panic or unhandled error during message processing. We don't expect this to happen and have carefully written the code to avoid it.",
          "type": "object",
          "required": [
            "fatal_error"
          ],
          "properties": {
            "fatal_error": {
              "type": "string"
            }
          },
          "additionalProperties": false
        }
      ]
    },
    "ChainName": {
      "description": "The name of a chain, aka the chain-id without the post-fix number. ex. `cosmoshub-4` -> `cosmoshub`, `juno-1` -> `juno`",
      "type": "string"
    },
    "ControllerExecuteMsg": {
      "description": "Adapter execute messages",
      "oneOf": [
        {
          "description": "Set status of your account",
          "type": "object",
          "required": [
            "set_status"
          ],
          "properties": {
            "set_status": {
              "type": "object",
              "required": [
                "status"
              ],
              "properties": {
                "status": {
                  "type": "string"
                }
              },
              "additionalProperties": false
            }
          },
          "additionalProperties": false
        },
        {
          "description": "Admin method: Update the configuration of the adapter",
          "type": "object",
          "required": [
            "update_config"
          ],
          "properties": {
            "update_config": {
              "type": "object",
              "additionalProperties": false
            }
          },
          "additionalProperties": false
        },
        {
          "type": "object",
          "required": [
            "join"
          ],
          "properties": {
            "join": {
              "type": "object",
              "additionalProperties": false
            }
          },
          "additionalProperties": false
        },
        {
          "type": "object",
          "required": [
            "roll_dice"
          ],
          "properties": {
            "roll_dice": {
              "type": "object",
              "additionalProperties": false
            }
          },
          "additionalProperties": false
        }
      ]
    },
    "DistributionQuery": {
      "oneOf": [
        {
          "description": "See <https://github.com/cosmos/cosmos-sdk/blob/c74e2887b0b73e81d48c2f33e6b1020090089ee0/proto/cosmos/distribution/v1beta1/query.proto#L222-L230>",
          "type": "object",
          "required": [
            "delegator_withdraw_address"
          ],
          "properties": {
            "delegator_withdraw_address": {
              "type": "object",
              "required": [
                "delegator_address"
              ],
              "properties": {
                "delegator_address": {
                  "type": "string"
                }
              }
            }
          },
          "additionalProperties": false
        },
        {
          "description": "See <https://github.com/cosmos/cosmos-sdk/blob/c74e2887b0b73e81d48c2f33e6b1020090089ee0/proto/cosmos/distribution/v1beta1/query.proto#L157-L167>",
          "type": "object",
          "required": [
            "delegation_rewards"
          ],
          "properties": {
            "delegation_rewards": {
              "type": "object",
              "required": [
                "delegator_address",
                "validator_address"
              ],
              "properties": {
                "delegator_address": {
                  "type": "string"
                },
                "validator_address": {
                  "type": "string"
                }
              }
            }
          },
          "additionalProperties": false
        },
        {
          "description": "See <https://github.com/cosmos/cosmos-sdk/blob/c74e2887b0b73e81d48c2f33e6b1020090089ee0/proto/cosmos/distribution/v1beta1/query.proto#L180-L187>",
          "type": "object",
          "required": [
            "delegation_total_rewards"
          ],
          "properties": {
            "delegation_total_rewards": {
              "type": "object",
              "required": [
                "delegator_address"
              ],
              "properties": {
                "delegator_address": {
                  "type": "string"
                }
              }
            }
          },
          "additionalProperties": false
        },
        {
          "description": "See <https://github.com/cosmos/cosmos-sdk/blob/b0acf60e6c39f7ab023841841fc0b751a12c13ff/proto/cosmos/distribution/v1beta1/query.proto#L202-L210>",
          "type": "object",
          "required": [
            "delegator_validators"
          ],
          "properties": {
            "delegator_validators": {
              "type": "object",
              "required": [
                "delegator_address"
              ],
              "properties": {
                "delegator_address": {
                  "type": "string"
                }
              }
            }
          },
          "additionalProperties": false
        }
      ]
    },
    "Empty": {
      "description": "An empty struct that serves as a placeholder in different places, such as contracts that don't set a custom message.\n\nIt is designed to be expressable in correct JSON and JSON Schema but contains no meaningful data. Previously we used enums without cases, but those cannot represented as valid JSON Schema (https://github.com/CosmWasm/cosmwasm/issues/451)",
      "type": "object"
    },
    "ErrorResponse": {
      "type": "object",
      "required": [
        "error",
        "message_index"
      ],
      "properties": {
        "error": {
          "description": "The error that occured executing the message.",
          "type": "string"
        },
        "message_index": {
          "description": "The index of the first message who's execution failed.",
          "allOf": [
            {
              "$ref": "#/definitions/Uint64"
            }
          ]
        }
      },
      "additionalProperties": false
    },
    "Event": {
      "description": "A full [*Cosmos SDK* event].\n\nThis version uses string attributes (similar to [*Cosmos SDK* StringEvent]), which then get magically converted to bytes for Tendermint somewhere between the Rust-Go interface, JSON deserialization and the `NewEvent` call in Cosmos SDK.\n\n[*Cosmos SDK* event]: https://docs.cosmos.network/main/learn/advanced/events [*Cosmos SDK* StringEvent]: https://github.com/cosmos/cosmos-sdk/blob/v0.42.5/proto/cosmos/base/abci/v1beta1/abci.proto#L56-L70",
      "type": "object",
      "required": [
        "attributes",
        "type"
      ],
      "properties": {
        "attributes": {
          "description": "The attributes to be included in the event.\n\nYou can learn more about these from [*Cosmos SDK* docs].\n\n[*Cosmos SDK* docs]: https://docs.cosmos.network/main/learn/advanced/events",
          "type": "array",
          "items": {
            "$ref": "#/definitions/Attribute"
          }
        },
        "type": {
          "description": "The event type. This is renamed to \"ty\" because \"type\" is reserved in Rust. This sucks, we know.",
          "type": "string"
        }
      }
    },
    "ExecutionResponse": {
      "type": "object",
      "required": [
        "executed_by",
        "result"
      ],
      "properties": {
        "executed_by": {
          "description": "The address on the remote chain that executed the messages.",
          "type": "string"
        },
        "result": {
          "description": "Index `i` corresponds to the result of executing the `i`th message.",
          "type": "array",
          "items": {
            "$ref": "#/definitions/SubMsgResponse"
          }
        }
      },
      "additionalProperties": false
    },
    "IbcQuery": {
      "description": "These are queries to the various IBC modules to see the state of the contract's IBC connection. These will return errors if the contract is not \"ibc enabled\"",
      "oneOf": [
        {
          "description": "Gets the Port ID the current contract is bound to.\n\nReturns a `PortIdResponse`.",
          "type": "object",
          "required": [
            "port_id"
          ],
          "properties": {
            "port_id": {
              "type": "object"
            }
          },
          "additionalProperties": false
        },
        {
          "description": "Lists all channels that are bound to a given port. If `port_id` is omitted, this list all channels bound to the contract's port.\n\nReturns a `ListChannelsResponse`.",
          "type": "object",
          "required": [
            "list_channels"
          ],
          "properties": {
            "list_channels": {
              "type": "object",
              "properties": {
                "port_id": {
                  "type": [
                    "string",
                    "null"
                  ]
                }
              }
            }
          },
          "additionalProperties": false
        },
        {
          "description": "Lists all information for a (portID, channelID) pair. If port_id is omitted, it will default to the contract's own channel. (To save a PortId{} call)\n\nReturns a `ChannelResponse`.",
          "type": "object",
          "required": [
            "channel"
          ],
          "properties": {
            "channel": {
              "type": "object",
              "required": [
                "channel_id"
              ],
              "properties": {
                "channel_id": {
                  "type": "string"
                },
                "port_id": {
                  "type": [
                    "string",
                    "null"
                  ]
                }
              }
            }
          },
          "additionalProperties": false
        }
      ]
    },
    "IbcResponseMsg": {
      "description": "IbcResponseMsg should be de/serialized under `IbcCallback()` variant in a ExecuteMsg",
      "type": "object",
      "required": [
        "id",
        "result"
      ],
      "properties": {
        "id": {
          "description": "The ID chosen by the caller in the `callback_info.id`",
          "type": "string"
        },
        "msg": {
          "description": "The msg sent with the callback request. This is usually used to provide information to the ibc callback function for context",
          "anyOf": [
            {
              "$ref": "#/definitions/Binary"
            },
            {
              "type": "null"
            }
          ]
        },
        "result": {
          "$ref": "#/definitions/CallbackResult"
        }
      },
      "additionalProperties": false
    },
    "ModuleIbcMsg": {
      "type": "object",
      "required": [
        "client_chain",
        "msg",
        "source_module"
      ],
      "properties": {
        "client_chain": {
          "description": "Remote chain identification",
          "allOf": [
            {
              "$ref": "#/definitions/ChainName"
            }
          ]
        },
        "msg": {
          "description": "The message sent by the module",
          "allOf": [
            {
              "$ref": "#/definitions/Binary"
            }
          ]
        },
        "source_module": {
          "description": "Information about the module that called ibc action on this module",
          "allOf": [
            {
              "$ref": "#/definitions/ModuleInfo"
            }
          ]
        }
      },
      "additionalProperties": false
    },
    "ModuleInfo": {
      "description": "Stores the namespace, name, and version of an Abstract module.",
      "type": "object",
      "required": [
        "name",
        "namespace",
        "version"
      ],
      "properties": {
        "name": {
          "description": "Name of the contract",
          "type": "string"
        },
        "namespace": {
          "description": "Namespace of the module",
          "allOf": [
            {
              "$ref": "#/definitions/Namespace"
            }
          ]
        },
        "version": {
          "description": "Version of the module",
          "allOf": [
            {
              "$ref": "#/definitions/ModuleVersion"
            }
          ]
        }
      },
      "additionalProperties": false
    },
    "ModuleVersion": {
      "oneOf": [
        {
          "type": "string",
          "enum": [
            "latest"
          ]
        },
        {
          "type": "object",
          "required": [
            "version"
          ],
          "properties": {
            "version": {
              "type": "string"
            }
          },
          "additionalProperties": false
        }
      ]
    },
    "Namespace": {
      "description": "Represents an Abstract namespace for modules",
      "type": "string"
    },
    "PageRequest": {
      "description": "Simplified version of the PageRequest type for pagination from the cosmos-sdk",
      "type": "object",
      "required": [
        "limit",
        "reverse"
      ],
      "properties": {
        "key": {
          "anyOf": [
            {
              "$ref": "#/definitions/Binary"
            },
            {
              "type": "null"
            }
          ]
        },
        "limit": {
          "type": "integer",
          "format": "uint32",
          "minimum": 0.0
        },
        "reverse": {
          "type": "boolean"
        }
      }
    },
    "QueryRequest_for_Empty": {
      "oneOf": [
        {
          "type": "object",
          "required": [
            "bank"
          ],
          "properties": {
            "bank": {
              "$ref": "#/definitions/BankQuery"
            }
          },
          "additionalProperties": false
        },
        {
          "type": "object",
          "required": [
            "custom"
          ],
          "properties": {
            "custom": {
              "$ref": "#/definitions/Empty"
            }
          },
          "additionalProperties": false
        },
        {
          "type": "object",
          "required": [
            "staking"
          ],
          "properties": {
            "staking": {
              "$ref": "#/definitions/StakingQuery"
            }
          },
          "additionalProperties": false
        },
        {
          "type": "object",
          "required": [
            "distribution"
          ],
          "properties": {
            "distribution": {
              "$ref": "#/definitions/DistributionQuery"
            }
          },
          "additionalProperties": false
        },
        {
          "description": "A Stargate query is encoded the same way as abci_query, with path and protobuf encoded request data. The format is defined in [ADR-21](https://github.com/cosmos/cosmos-sdk/blob/master/docs/architecture/adr-021-protobuf-query-encoding.md). The response is protobuf encoded data directly without a JSON response wrapper. The caller is responsible for compiling the proper protobuf definitions for both requests and responses.",
          "type": "object",
          "required": [
            "stargate"
          ],
          "properties": {
            "stargate": {
              "type": "object",
              "required": [
                "data",
                "path"
              ],
              "properties": {
                "data": {
                  "description": "this is the expected protobuf message type (not any), binary encoded",
                  "allOf": [
                    {
                      "$ref": "#/definitions/Binary"
                    }
                  ]
                },
                "path": {
                  "description": "this is the fully qualified service path used for routing, eg. custom/cosmos_sdk.x.bank.v1.Query/QueryBalance",
                  "type": "string"
                }
              }
            }
          },
          "additionalProperties": false
        },
        {
          "type": "object",
          "required": [
            "ibc"
          ],
          "properties": {
            "ibc": {
              "$ref": "#/definitions/IbcQuery"
            }
          },
          "additionalProperties": false
        },
        {
          "type": "object",
          "required": [
            "wasm"
          ],
          "properties": {
            "wasm": {
              "$ref": "#/definitions/WasmQuery"
            }
          },
          "additionalProperties": false
        }
      ]
    },
    "Result_of_Array_of_Binary_or_ErrorResponse": {
      "oneOf": [
        {
          "type": "object",
          "required": [
            "Ok"
          ],
          "properties": {
            "Ok": {
              "type": "array",
              "items": {
                "$ref": "#/definitions/Binary"
              }
            }
          }
        },
        {
          "type": "object",
          "required": [
            "Err"
          ],
          "properties": {
            "Err": {
              "$ref": "#/definitions/ErrorResponse"
            }
          }
        }
      ]
    },
    "Result_of_ExecutionResponse_or_String": {
      "oneOf": [
        {
          "type": "object",
          "required": [
            "Ok"
          ],
          "properties": {
            "Ok": {
              "$ref": "#/definitions/ExecutionResponse"
            }
          }
        },
        {
          "type": "object",
          "required": [
            "Err"
          ],
          "properties": {
            "Err": {
              "type": "string"
            }
          }
        }
      ]
    },
    "StakingQuery": {
      "oneOf": [
        {
          "description": "Returns the denomination that can be bonded (if there are multiple native tokens on the chain)",
          "type": "object",
          "required": [
            "bonded_denom"
          ],
          "properties": {
            "bonded_denom": {
              "type": "object"
            }
          },
          "additionalProperties": false
        },
        {
          "description": "AllDelegations will return all delegations by the delegator",
          "type": "object",
          "required": [
            "all_delegations"
          ],
          "properties": {
            "all_delegations": {
              "type": "object",
              "required": [
                "delegator"
              ],
              "properties": {
                "delegator": {
                  "type": "string"
                }
              }
            }
          },
          "additionalProperties": false
        },
        {
          "description": "Delegation will return more detailed info on a particular delegation, defined by delegator/validator pair",
          "type": "object",
          "required": [
            "delegation"
          ],
          "properties": {
            "delegation": {
              "type": "object",
              "required": [
                "delegator",
                "validator"
              ],
              "properties": {
                "delegator": {
                  "type": "string"
                },
                "validator": {
                  "type": "string"
                }
              }
            }
          },
          "additionalProperties": false
        },
        {
          "description": "Returns all validators in the currently active validator set.\n\nThe query response type is `AllValidatorsResponse`.",
          "type": "object",
          "required": [
            "all_validators"
          ],
          "properties": {
            "all_validators": {
              "type": "object"
            }
          },
          "additionalProperties": false
        },
        {
          "description": "Returns the validator at the given address. Returns None if the validator is not part of the currently active validator set.\n\nThe query response type is `ValidatorResponse`.",
          "type": "object",
          "required": [
            "validator"
          ],
          "properties": {
            "validator": {
              "type": "object",
              "required": [
                "address"
              ],
              "properties": {
                "address": {
                  "description": "The validator's address (e.g. (e.g. cosmosvaloper1...))",
                  "type": "string"
                }
              }
            }
          },
          "additionalProperties": false
        }
      ]
    },
    "SubMsgResponse": {
      "description": "The information we get back from a successful sub message execution, with full Cosmos SDK events.",
      "type": "object",
      "required": [
        "events"
      ],
      "properties": {
        "data": {
          "anyOf": [
            {
              "$ref": "#/definitions/Binary"
            },
            {
              "type": "null"
            }
          ]
        },
        "events": {
          "type": "array",
          "items": {
            "$ref": "#/definitions/Event"
          }
        }
      }
    },
    "Uint64": {
      "description": "A thin wrapper around u64 that is using strings for JSON encoding/decoding, such that the full u64 range can be used for clients that convert JSON numbers to floats, like JavaScript and jq.\n\n# Examples\n\nUse `from` to create instances of this and `u64` to get the value out:\n\n``` # use cosmwasm_std::Uint64; let a = Uint64::from(42u64); assert_eq!(a.u64(), 42);\n\nlet b = Uint64::from(70u32); assert_eq!(b.u64(), 70); ```",
      "type": "string"
    },
    "WasmQuery": {
      "oneOf": [
        {
          "description": "this queries the public API of another contract at a known address (with known ABI) Return value is whatever the contract returns (caller should know), wrapped in a ContractResult that is JSON encoded.",
          "type": "object",
          "required": [
            "smart"
          ],
          "properties": {
            "smart": {
              "type": "object",
              "required": [
                "contract_addr",
                "msg"
              ],
              "properties": {
                "contract_addr": {
                  "type": "string"
                },
                "msg": {
                  "description": "msg is the json-encoded QueryMsg struct",
                  "allOf": [
                    {
                      "$ref": "#/definitions/Binary"
                    }
                  ]
                }
              }
            }
          },
          "additionalProperties": false
        },
        {
          "description": "this queries the raw kv-store of the contract. returns the raw, unparsed data stored at that key, which may be an empty vector if not present",
          "type": "object",
          "required": [
            "raw"
          ],
          "properties": {
            "raw": {
              "type": "object",
              "required": [
                "contract_addr",
                "key"
              ],
              "properties": {
                "contract_addr": {
                  "type": "string"
                },
                "key": {
                  "description": "Key is the raw key used in the contracts Storage",
                  "allOf": [
                    {
                      "$ref": "#/definitions/Binary"
                    }
                  ]
                }
              }
            }
          },
          "additionalProperties": false
        },
        {
          "description": "Returns a [`ContractInfoResponse`] with metadata on the contract from the runtime",
          "type": "object",
          "required": [
            "contract_info"
          ],
          "properties": {
            "contract_info": {
              "type": "object",
              "required": [
                "contract_addr"
              ],
              "properties": {
                "contract_addr": {
                  "type": "string"
                }
              }
            }
          },
          "additionalProperties": false
        },
        {
          "description": "Returns a [`CodeInfoResponse`] with metadata of the code",
          "type": "object",
          "required": [
            "code_info"
          ],
          "properties": {
            "code_info": {
              "type": "object",
              "required": [
                "code_id"
              ],
              "properties": {
                "code_id": {
                  "type": "integer",
                  "format": "uint64",
                  "minimum": 0.0
                }
              }
            }
          },
          "additionalProperties": false
        }
      ]
    }
  }
}
